num_lectures,price,days_since_published,content_duration
19,200,1779,1.5
13,20,2776,2.0
114,110,2026,6.0
11,50,1751,1.0
40,200,2363,5.5
65,200,1922,4.5
9,20,2213,1.5
27,175,1903,2.5
26,125,2544,1.5
13,0,1679,0.5166666666666666
34,110,1964,5.5
46,20,2859,5.0
12,200,1898,1.0
53,50,2866,2.5
35,200,1942,1.5
19,50,2870,2.0
11,0,1732,1.5
24,0,2846,3.5
11,20,2076,1.0
8,0,2148,0.7333333333333333
15,0,2157,1.0
10,200,1715,1.0
29,20,2649,3.0
19,0,1820,5.0
24,45,2408,5.5
52,20,2031,4.0
10,25,3556,2.0
48,60,2191,3.0
16,50,2564,2.5
16,25,2476,1.5
13,0,2582,1.0
9,195,1746,0.5
39,170,2148,6.5
17,50,2034,2.0
34,20,1807,1.0
34,30,1691,4.0
20,95,1681,2.0
145,0,1978,8.5
131,50,2648,8.0
18,45,2367,1.0
16,40,2928,4.0
395,180,2500,33.0
10,45,2303,1.5
44,200,2575,4.0
15,20,1871,1.5
70,40,2055,5.0
25,95,2143,1.5
7,35,1950,0.55
17,20,2272,2.0
14,40,2136,1.5
12,20,2710,3.0
13,25,2542,1.0
9,20,1779,1.0
19,0,2482,3.0
12,200,1778,0.6
5,0,2522,1.0
70,50,1688,10.5
90,55,2752,2.5
19,85,1834,2.5
44,50,2676,5.5
70,95,2321,13.5
239,95,2042,25.5
11,20,2082,1.0
32,55,2162,6.0
61,95,1982,2.5
23,70,1803,2.5
12,35,2176,1.0
15,25,2996,1.5
106,50,2480,6.5
82,150,2040,8.0
82,50,2010,4.0
19,20,1904,2.5
59,20,2869,8.0
13,20,2082,1.0
11,25,1977,1.5
17,20,2812,1.5
103,175,2359,13.0
27,0,1983,2.0
10,0,2522,0.5333333333333333
20,0,2568,1.5
16,200,2439,2.5
58,55,2520,4.5
32,40,1954,5.0
16,20,2931,1.0
12,20,3043,2.0
11,20,2645,0.6166666666666667
77,75,2102,6.0
32,95,1706,1.5
27,50,2528,5.0
46,30,2170,9.0
9,20,2845,0.6166666666666667
31,20,2154,1.5
30,200,1937,3.0
16,50,2186,1.0
8,35,2360,0.6166666666666667
17,50,3111,8.0
113,85,1737,18.5
30,70,2277,1.0
63,75,2423,3.5
13,20,2362,0.7
25,50,2072,2.5
33,20,2884,70.0
60,50,1985,7.0
22,70,2286,5.0
33,75,2934,4.5
38,30,2898,12.0
27,30,2083,2.0
6,60,3254,1.0
93,170,1918,4.5
64,20,2605,7.0
36,120,2304,4.0
14,95,2335,1.0
34,20,2447,6.5
9,25,2265,1.0
36,60,2229,2.0
16,20,2234,2.0
62,50,1912,1.5
15,50,2887,2.5
14,20,2433,2.0
27,40,2390,3.5
71,120,1996,14.0
11,200,2342,2.0
202,100,1765,16.0
78,100,1900,6.5
8,45,2276,1.0
8,50,1680,1.5
23,30,2450,3.0
16,30,2300,1.5
25,20,2111,4.0
8,25,1880,1.5
18,0,1750,1.0
50,195,2073,6.0
13,20,2755,1.5
55,175,2683,7.0
11,0,2475,0.7333333333333333
23,20,2009,1.5
94,200,1710,17.5
6,20,2985,2.0
22,20,2980,1.5
26,20,1962,3.0
48,50,2318,3.0
119,140,2148,12.0
23,20,2130,1.0
46,190,1710,5.0
22,0,2206,2.0
46,30,3123,11.5
321,50,1858,3.5
17,150,2131,1.5
53,200,1746,6.5
34,95,2115,3.0
69,0,1752,9.0
26,200,1893,2.0
23,20,3545,3.0
11,25,1710,0.65
61,50,2121,8.0
62,150,2097,12.5
40,125,2983,12.5
35,0,3114,2.5
21,20,2202,1.0
42,50,1917,1.0
30,40,1735,2.0
22,20,2523,2.5
44,30,2346,10.5
14,0,2837,1.5
23,40,2150,2.5
19,20,3115,1.0
15,100,2163,2.0
18,195,1900,1.0
24,20,2076,2.0
16,20,2284,1.5
18,0,2170,2.0
5,30,2105,1.0
48,175,1744,7.0
63,100,2236,11.0
12,25,2503,0.6666666666666666
23,35,2174,3.0
110,25,2268,7.5
24,25,2072,2.0
115,65,1822,9.5
13,20,1978,1.5
15,30,1820,2.0
20,20,2597,1.0
37,95,2241,3.0
8,35,1947,1.0
13,20,2191,0.5333333333333333
178,195,1869,13.0
39,80,2284,3.0
68,150,2359,5.5
37,40,2369,3.5
14,30,1813,2.5
30,70,2177,4.0
35,100,2154,3.5
122,0,2173,21.0
11,20,2382,1.0
87,65,1674,5.0
32,20,3376,5.0
30,0,2297,1.5
129,0,2604,20.5
54,200,1907,4.0
17,0,2624,1.5
30,20,1799,2.0
14,40,2104,1.0
112,20,1914,13.5
9,25,2128,2.0
41,40,2115,6.0
17,20,2329,1.0
12,20,2930,1.5
56,195,2104,7.0
33,40,1997,2.5
17,20,2370,1.5
125,200,1820,14.0
51,0,2002,2.0
18,20,2017,1.0
13,180,2026,3.0
7,35,2102,0.6166666666666667
9,0,1691,1.0
11,25,2160,0.6833333333333333
8,100,1866,1.0
21,35,2859,2.5
19,200,1701,1.0
44,150,2140,7.5
30,20,2164,9.5
12,55,1851,1.0
18,20,1964,0.7166666666666667
36,20,2271,4.0
11,65,2282,1.0
60,95,2296,3.5
27,50,2390,3.5
13,0,2221,3.0
329,190,1907,18.0
34,185,1898,8.0
10,30,2094,2.0
12,25,2180,1.5
8,20,2117,1.0
172,200,1706,11.0
6,0,3091,1.0
16,20,2580,1.0
41,20,2180,4.0
55,40,2357,4.5
16,35,2461,1.0
23,20,2028,2.5
18,200,2342,2.0
32,20,2187,6.0
29,200,2150,3.0
17,20,2094,1.5
33,200,2864,5.5
25,200,2642,2.0
309,50,2647,38.0
27,20,2334,2.5
39,20,2067,3.0
17,50,2823,3.0
42,50,2121,6.5
22,200,2268,2.0
27,190,2277,2.5
35,20,2558,2.5
18,30,2305,1.5
20,85,1844,1.0
40,25,2802,3.0
16,60,3251,2.0
7,25,2618,1.5
9,20,2936,2.5
29,20,1758,7.0
27,50,2880,4.5
24,0,1712,2.5
86,35,2665,14.0
251,195,3217,45.0
29,75,2385,3.0
50,95,2117,4.0
6,60,1710,0.7166666666666667
35,95,1675,4.0
32,185,2535,3.0
6,20,1793,1.0
27,20,2234,1.0
46,20,1859,9.5
20,20,2168,2.0
29,45,2171,2.5
14,20,3026,1.0
21,50,2565,5.5
21,200,2517,2.0
11,35,1800,1.0
25,200,2174,3.0
40,40,2655,3.5
9,60,3248,1.0
11,0,2308,1.0
25,100,1782,6.5
11,40,1917,1.0
65,95,2269,2.5
21,20,2313,2.0
69,175,1701,9.5
24,40,1953,1.5
12,30,2196,1.0
13,95,2377,1.5
71,100,2641,3.5
95,75,1934,8.5
152,200,1972,5.5
49,40,2518,4.5
19,50,2283,2.0
11,20,2294,0.6333333333333333
138,190,2083,7.5
12,80,1782,0.7333333333333333
14,20,2319,3.0
29,95,2396,2.5
61,200,1772,9.5
92,105,1710,4.0
28,100,2330,2.5
16,75,2439,2.0
16,30,2116,3.0
14,30,2278,1.5
99,80,2286,2.0
7,0,1820,1.0
15,60,1967,1.5
12,0,2375,1.0
11,50,1670,2.0
49,200,2418,4.5
100,125,2253,20.5
16,95,2084,1.0
61,75,2533,6.0
16,20,2396,1.5
36,200,2322,2.5
12,40,2380,1.0
25,50,2381,2.0
12,60,1872,1.0
42,95,2417,5.0
16,75,2202,1.5
26,20,2360,3.0
30,20,1722,2.5
8,0,2389,1.0
20,0,2482,3.0
21,0,1706,3.0
87,40,1928,10.0
13,25,2639,1.5
60,20,1982,6.5
28,50,1949,3.0
56,200,2138,11.0
161,145,1703,14.0
98,50,2201,0.5166666666666666
24,95,2613,1.5
76,150,3241,13.0
224,200,2811,28.5
17,40,2153,1.5
6,50,1732,0.5333333333333333
18,50,2578,2.0
18,20,2213,1.0
12,25,2027,1.0
10,60,3253,2.0
31,20,1898,4.0
32,25,1692,3.5
29,200,2429,2.5
45,0,3270,10.5
91,200,2563,10.0
68,20,2355,6.5
24,30,3234,4.0
25,50,2045,1.5
11,40,2124,1.0
25,105,1683,1.5
26,60,1921,0.6333333333333333
69,100,2559,10.0
37,50,2245,1.5
66,20,2580,5.5
35,60,2005,4.0
45,75,2415,4.5
53,45,2206,7.0
10,25,1891,1.0
9,40,2429,2.0
60,50,2130,13.5
29,50,1740,3.5
34,35,2439,1.0
19,25,2135,1.0
18,30,1779,2.5
34,20,1878,1.5
96,195,1963,12.5
9,100,2577,1.0
16,20,2957,3.0
16,100,1667,1.0
36,100,1834,3.0
21,200,2478,2.0
35,45,2010,1.5
83,85,1732,5.0
8,20,2073,1.0
91,60,2075,16.5
30,20,1739,2.5
25,65,2409,1.0
14,40,1715,1.0
28,95,2345,5.0
13,35,2174,1.5
9,0,3026,2.0
22,195,2362,2.0
12,25,2733,3.5
9,35,1966,0.5666666666666667
29,200,2346,1.5
23,30,2402,0.7166666666666667
66,100,1688,12.5
15,25,1816,2.5
52,30,1765,3.5
14,30,2299,2.0
13,20,2578,1.5
55,50,3111,7.5
156,195,1682,24.0
158,150,1856,17.5
35,20,2152,5.0
30,20,2425,2.0
23,50,2811,3.0
108,50,2479,7.0
192,50,2569,6.0
49,50,2507,1.0
348,200,1934,19.5
12,30,1883,0.5833333333333334
15,20,2627,1.0
7,0,1948,1.0
10,50,2531,1.0
21,25,2083,3.0
5,45,2205,1.0
105,200,1999,12.5
28,45,2646,2.5
8,120,3265,2.5
34,195,2474,2.0
15,20,1751,1.0
19,40,2321,2.5
7,200,2320,1.5
8,25,2142,0.5666666666666667
30,95,1768,3.0
16,100,3125,1.0
15,45,1821,1.0
60,200,1705,5.0
16,20,1781,1.0
24,35,1667,3.5
95,0,3514,4.5
7,0,2626,1.0
18,35,2769,1.0
10,0,2061,0.5666666666666667
48,75,1909,4.5
20,50,2248,1.5
24,0,2775,1.0
5,30,2661,0.55
32,0,1852,2.0
8,20,1897,0.6166666666666667
304,20,2500,15.5
8,0,2201,1.0
12,25,1964,0.7
33,200,3166,2.5
48,30,1963,3.5
24,50,1829,1.0
47,60,2634,13.0
15,35,2875,2.0
38,100,1925,6.0
24,20,2376,2.0
34,200,1746,1.5
29,200,2255,2.0
110,50,2941,7.5
6,50,2138,0.6833333333333333
18,40,2011,2.0
15,50,2310,3.0
15,0,1684,3.0
25,195,2472,1.5
12,0,1810,0.5
11,20,2352,1.0
24,115,2468,2.0
97,45,3277,10.0
36,0,2696,4.5
7,0,1691,0.5833333333333334
14,20,2797,1.5
24,100,1934,2.0
43,75,1670,1.0
41,90,2829,3.5
113,75,2867,10.0
14,45,1957,1.0
24,0,1670,1.5
21,35,2148,1.0
13,20,2600,1.5
8,20,2369,0.6833333333333333
14,50,2487,3.5
40,95,3048,5.5
38,195,2105,5.0
21,30,2088,2.5
39,40,3067,3.0
5,20,2431,1.0
54,40,2086,11.5
21,20,2361,1.0
47,100,1803,3.5
10,20,2167,0.7333333333333333
7,20,1941,1.0
20,0,2671,3.0
6,40,2483,1.5
246,200,2353,32.5
18,95,1961,1.5
49,100,2353,9.0
19,35,2327,2.0
27,0,2207,3.0
9,20,1969,0.7333333333333333
188,200,2048,22.5
69,0,2094,5.0
20,40,2014,1.5
163,50,2152,10.5
48,20,2842,12.5
8,25,1681,2.0
12,20,2061,2.5
9,50,1670,2.0
195,20,3379,18.0
8,0,1876,1.0
20,200,2074,4.0
9,45,1804,1.0
14,20,2787,1.5
16,50,2830,4.0
19,150,1955,2.0
17,20,2273,3.0
8,0,2728,0.5833333333333334
22,50,2204,1.5
53,0,2404,3.0
33,95,2521,2.5
10,0,1676,2.0
10,20,2968,0.6333333333333333
83,100,2046,5.0
17,50,2270,0.6333333333333333
79,50,2376,15.0
56,50,1916,1.5
19,50,2879,3.0
32,20,2243,2.0
62,40,2236,3.5
16,20,2433,1.5
20,30,1949,1.5
86,95,1732,12.0
13,75,1674,2.5
33,50,2814,3.5
8,20,1893,1.0
45,60,2166,1.0
9,20,1815,1.0
13,20,2223,1.0
158,150,1866,30.0
24,85,1887,0.65
24,200,1725,3.0
37,200,1708,6.0
20,20,1797,2.0
17,0,1765,1.5
22,50,2879,4.0
25,25,1961,1.0
18,20,2457,2.0
20,200,2205,2.5
6,20,1712,0.5333333333333333
36,195,2348,3.5
29,195,2101,2.5
9,45,2178,2.0
16,200,1758,1.0
154,20,2287,14.5
4,35,2308,0.55
8,30,1851,2.0
59,95,1712,4.5
15,50,1950,1.5
26,95,1789,2.5
104,115,2408,5.5
29,100,1703,1.5
13,95,1844,1.0
22,150,2149,1.5
88,200,1922,7.0
35,25,2921,8.5
304,200,2152,30.5
10,95,1851,1.0
53,55,2606,3.0
5,20,2872,1.0
19,35,1739,1.0
103,195,1765,6.5
24,50,2213,3.5
14,80,2429,0.5
27,20,2332,3.0
49,50,1733,3.0
19,105,2594,2.0
75,50,3300,12.5
55,30,1927,4.5
5,20,2573,0.55
171,65,1837,19.0
235,100,1970,19.5
48,30,2173,3.0
12,25,1774,0.5
16,25,2997,4.5
19,20,2495,2.5
37,0,1887,2.5
104,110,2195,14.0
39,20,2345,4.0
7,40,1891,0.5833333333333334
6,0,2547,1.5
7,20,1712,1.0
7,40,2081,1.5
19,30,1725,3.0
26,50,1871,1.0
88,50,2584,6.0
51,50,3069,7.5
23,0,2058,2.0
10,20,1740,2.5
14,20,3284,1.5
9,20,2069,1.0
47,40,2275,0.7333333333333333
74,20,2243,4.0
14,0,2715,1.0
86,50,2874,5.5
13,20,2257,3.5
8,20,2597,0.6
31,0,2341,1.5
29,20,3045,2.5
39,25,2772,2.0
15,20,2270,2.5
6,20,2786,0.4833333333333333
32,195,2864,14.0
24,50,2909,5.5
19,0,1706,2.5
8,20,2202,0.6166666666666667
16,35,2890,2.0
91,100,1914,4.0
35,20,2955,2.5
52,25,3106,10.5
18,20,2432,1.0
6,20,2348,1.0
150,180,2223,26.5
29,50,2839,14.5
16,195,2488,2.0
31,0,2374,6.5
9,20,2685,1.0
110,95,2547,2.5
88,50,2282,10.5
27,25,1810,2.5
194,150,2157,9.5
61,50,2479,2.5
34,85,2625,2.0
20,20,1970,0.6333333333333333
19,80,1879,2.0
38,35,2036,3.0
129,200,2384,11.0
50,30,1928,3.5
21,20,2641,3.0
16,40,1738,1.5
27,20,2181,1.0
64,20,3394,9.5
62,95,1786,2.5
48,20,2398,2.0
22,95,1873,1.0
15,145,2090,1.0
44,30,2356,7.0
14,40,1955,1.0
68,50,2219,16.5
15,20,1725,1.5
65,0,1984,5.5
18,95,2034,2.0
17,95,2363,1.5
196,40,2083,5.5
9,25,1863,0.5833333333333334
27,20,1676,2.5
9,20,1797,1.0
13,50,2608,2.5
16,95,1871,1.5
62,75,2459,4.5
28,20,2692,1.5
7,20,2529,1.5
35,100,2270,3.0
35,50,2185,2.5
15,200,1792,1.0
33,20,2830,6.0
12,195,2076,1.0
14,20,2257,3.5
16,20,2895,1.5
6,20,2445,1.0
30,100,1892,2.0
17,200,2259,1.0
16,55,2471,1.5
5,20,1667,0.5166666666666666
31,20,2587,2.0
24,20,3511,1.0
11,40,2356,0.5833333333333334
18,50,1836,2.0
7,20,2034,1.0
11,100,2239,0.5
26,50,2844,7.5
70,30,2395,7.0
14,50,1732,1.0
20,0,2122,4.0
20,0,1809,2.0
65,20,2031,2.5
10,30,3032,2.0
77,50,1905,17.5
9,30,2518,1.0
24,20,2279,1.5
35,40,1671,5.5
69,0,1739,20.5
79,40,1785,6.5
15,95,2998,1.0
90,85,2464,5.0
9,50,2017,0.5166666666666666
8,20,2216,0.65
28,40,1989,4.0
58,95,2313,7.0
14,20,2837,1.5
37,200,2622,5.5
14,35,2804,1.0
16,50,1794,2.0
23,75,2739,2.0
58,20,2441,6.0
9,50,2087,2.0
84,20,2384,5.5
23,75,2537,3.0
69,80,1758,4.5
34,95,2116,2.5
48,85,2625,3.5
26,20,2272,2.5
35,20,2528,3.0
41,20,2158,4.0
20,200,1830,3.0
194,150,2278,24.5
129,150,1900,13.5
62,150,1997,2.0
26,55,2062,4.0
12,20,2216,3.0
11,50,1763,1.0
8,20,1747,1.0
14,40,2357,1.5
145,200,1918,14.5
63,50,1916,1.5
24,195,2599,5.0
16,120,2588,1.5
34,20,3091,1.5
42,50,2880,4.5
9,20,2142,1.0
20,0,2009,0.6166666666666667
10,50,1978,1.0
9,35,2511,0.55
11,0,1697,1.5
100,0,1865,5.0
25,30,2233,1.5
88,40,2214,7.5
17,20,2369,2.0
159,195,1917,18.5
6,135,1670,1.0
14,30,1934,1.0
111,150,2048,21.0
34,20,2870,6.5
57,50,1891,6.5
46,45,2293,5.5
10,70,1752,1.5
14,0,2833,1.5
81,20,2453,4.5
20,30,1670,3.0
13,30,2497,1.5
8,20,2500,1.0
30,50,2121,6.0
113,95,1908,2.0
16,20,1727,1.0
31,100,1977,3.0
25,40,2269,4.0
22,0,3551,2.5
18,45,2179,1.0
10,30,2360,1.0
13,40,1830,1.0
5,20,3091,1.0
11,20,1803,1.0
87,60,2193,17.5
50,200,2263,5.5
28,85,1863,3.5
110,50,2522,9.0
24,50,2110,4.0
8,65,2278,1.0
18,90,1729,2.5
46,75,2364,4.5
13,20,2993,0.6333333333333333
26,100,2391,3.5
185,100,3692,12.0
27,25,2193,6.0
28,80,2669,2.5
9,75,1675,2.5
19,0,2377,2.0
55,105,1988,6.0
27,20,1741,1.5
11,20,2560,0.6833333333333333
39,40,1831,5.5
30,30,1990,4.0
362,200,2731,30.0
11,0,2102,0.55
64,75,2184,4.5
9,35,1897,1.5
174,45,1957,16.5
20,20,2936,2.0
8,20,3169,1.0
5,20,2052,0.6
57,20,2510,2.0
25,45,2443,1.0
76,20,2103,5.0
26,95,2652,5.0
27,40,1674,1.0
79,200,2219,18.0
47,35,2193,3.5
16,200,2104,1.5
91,50,2319,7.0
43,100,2317,3.0
12,35,1711,0.7333333333333333
43,80,1871,5.5
77,20,2425,2.5
15,20,2290,3.0
11,20,2720,2.0
13,20,2388,1.5
5,20,2503,1.0
5,20,1854,1.0
43,100,2537,5.5
18,0,2303,5.0
36,50,2121,7.0
19,55,1716,2.0
18,55,2524,1.5
6,40,1888,0.5833333333333334
131,150,2158,19.5
5,50,2025,1.0
45,195,1995,4.0
5,20,2983,1.0
15,95,2131,1.0
34,125,1985,2.0
22,0,1798,2.0
80,200,2221,6.5
21,100,1993,5.0
44,20,2374,2.5
20,20,1908,2.0
5,0,2693,0.5166666666666666
29,75,2423,3.0
8,40,1942,1.0
38,0,2069,1.0
14,20,2434,0.65
154,195,2801,26.0
18,25,1997,5.0
14,20,1997,1.5
37,20,2212,1.5
68,40,1667,8.5
16,30,2823,2.0
13,100,1670,3.5
42,30,2970,4.0
90,50,2473,16.0
12,20,2224,1.0
24,50,2176,0.7
25,145,1885,3.5
101,50,3536,8.0
56,95,2521,6.0
94,20,2457,8.0
24,20,2610,2.0
18,195,2083,1.0
32,20,3148,2.0
13,20,2841,1.0
44,20,2354,5.5
23,50,2321,1.5
64,95,2503,3.5
11,20,2047,0.6
19,20,2370,1.0
46,40,3019,12.0
45,35,1810,3.0
60,100,2403,6.0
27,40,1956,2.0
179,35,2181,17.5
13,20,1752,3.0
27,195,2923,4.0
42,35,3039,3.5
39,50,2830,5.5
29,200,2414,2.0
31,50,2821,3.5
57,50,2107,7.0
27,50,2368,2.5
7,20,2236,0.6833333333333333
6,0,1737,1.0
12,20,2150,2.0
25,200,1837,1.0
28,20,2059,1.0
12,20,2691,1.5
19,30,2635,1.0
16,35,2117,1.0
16,0,2131,1.5
17,50,2811,3.0
6,60,1711,0.7
36,20,1733,4.5
30,120,2325,1.5
31,100,2317,1.5
50,50,2990,3.0
12,0,1730,1.5
11,20,2145,0.5
8,20,2479,1.0
7,25,2152,0.6166666666666667
15,20,1802,1.0
11,20,1771,1.0
27,50,2821,8.5
32,195,2163,2.0
41,30,3474,2.5
15,20,1690,1.0
20,200,1939,1.5
28,20,2969,1.5
28,60,2166,5.5
12,100,1676,2.5
11,40,2631,2.5
6,60,1725,0.6666666666666666
39,200,1766,2.5
17,0,2156,1.5
22,25,3048,3.0
157,100,1908,12.5
26,95,2269,3.5
9,20,1709,1.0
40,50,2151,4.5
8,0,1695,0.65
6,80,2157,0.7
105,150,1864,5.5
29,95,1912,1.5
27,20,2577,2.0
35,200,2440,5.0
24,100,1901,1.0
7,125,1785,0.6333333333333333
43,20,2302,2.5
26,0,3026,3.5
7,0,2342,0.6
32,200,1996,3.0
10,75,2234,1.0
25,0,1740,3.5
22,20,1787,1.5
73,100,2968,9.0
49,50,1811,3.0
23,40,2061,5.5
10,20,2845,1.0
23,40,2051,1.5
212,195,1816,37.5
42,35,2437,2.0
23,200,2412,2.0
38,20,2332,3.5
10,20,3567,0.6
16,40,2251,1.5
104,50,2466,5.0
45,50,2122,3.5
13,0,2283,1.0
24,60,1946,1.5
37,50,2149,3.5
32,50,2003,2.0
38,140,1788,3.0
59,50,2263,2.5
22,50,2122,2.0
22,20,2356,1.5
55,20,1978,10.0
9,20,1740,0.5333333333333333
9,50,2698,0.6833333333333333
9,0,1878,1.0
26,200,1801,1.5
12,100,1676,1.5
38,20,1793,4.0
12,20,2475,0.65
132,100,2152,16.0
15,150,1896,0.65
32,20,2222,3.0
46,200,1828,3.5
21,200,1863,1.5
72,195,2196,5.0
25,20,2562,2.0
16,200,2275,1.5
137,110,1964,7.0
10,50,1975,0.5666666666666667
11,0,2106,1.0
21,100,2054,2.0
24,200,1690,4.0
5,200,2298,0.5333333333333333
89,50,2479,6.0
12,25,1835,1.0
6,130,1785,0.5333333333333333
98,150,2347,19.5
74,55,2116,5.0
14,40,1711,1.0
20,100,2706,1.0
50,195,1866,6.5
22,50,3002,1.0
53,50,2884,5.0
20,120,2096,2.0
19,25,2413,1.5
12,50,3113,1.0
211,25,2114,20.5
12,0,2268,1.5
28,35,1738,2.0
21,50,2811,3.5
16,60,1914,1.0
12,50,1771,1.5
66,195,2622,9.0
45,50,1789,6.0
124,200,3208,22.0
14,75,1917,1.5
8,20,2093,1.0
5,20,2859,1.0
20,0,2486,1.0
19,95,1920,1.0
44,100,1737,2.0
76,150,1889,5.5
22,0,1836,2.5
6,160,2214,1.0
43,20,2391,4.0
47,165,1764,5.5
30,50,2129,1.5
19,0,1886,2.0
11,20,2902,1.5
20,20,2468,1.0
11,45,2176,2.0
25,100,1977,2.5
86,90,2439,6.5
54,200,1690,3.0
11,20,2042,1.5
55,175,2482,7.0
6,20,1799,1.5
17,25,2530,1.0
49,100,2255,5.0
17,0,2165,1.0
14,40,2372,1.0
8,65,1957,1.5
136,50,3078,12.0
15,20,1935,0.6333333333333333
19,20,2426,3.0
7,20,1745,0.5833333333333334
64,150,2015,6.5
25,40,2542,2.0
9,20,2206,2.0
24,35,2360,1.5
70,195,2276,7.5
5,0,2164,1.0
6,0,1704,1.0
24,30,1924,2.0
81,195,2075,5.0
19,100,1676,3.0
134,150,2555,12.0
7,0,2230,0.6
20,50,2811,3.0
42,25,3046,3.0
13,0,1677,0.65
26,145,2293,1.5
41,30,1919,4.0
13,20,2453,2.0
20,95,1943,2.0
13,20,2497,1.5
8,20,2146,1.5
13,40,1704,1.0
111,150,2097,8.5
5,25,2572,0.5333333333333333
19,20,2597,1.5
33,35,2199,1.0
57,195,1865,17.0
56,200,2534,5.5
20,80,1919,1.0
43,50,2483,5.5
14,20,1724,0.6166666666666667
77,60,2215,5.5
29,20,1746,4.5
162,60,2118,18.5
31,95,2367,1.5
13,100,2255,1.5
73,200,1733,7.0
43,75,1802,1.0
10,20,2359,1.0
25,20,2597,1.5
10,25,1942,0.6
62,50,2320,3.0
13,50,2163,2.0
23,50,1880,1.0
62,50,3713,4.5
43,200,2313,4.5
37,40,2621,1.0
27,40,2489,1.0
80,50,2037,12.0
35,200,1856,2.5
7,20,2322,1.0
35,50,2132,5.0
33,75,3010,5.0
21,200,1924,2.0
25,50,3010,2.0
25,95,1711,2.0
56,120,1928,8.5
7,45,2065,1.0
78,20,2541,6.0
12,20,2752,1.5
97,100,2330,11.0
27,75,2207,5.5
14,20,3022,1.0
18,50,2878,3.0
73,170,2106,5.0
22,20,2399,1.0
12,20,2823,1.0
20,25,1870,1.0
21,20,2411,1.0
13,60,3260,1.5
33,20,1818,5.0
18,70,2390,1.5
80,50,1957,5.5
14,25,2010,0.5333333333333333
48,20,1928,4.5
15,35,2894,1.5
13,20,2048,0.5833333333333334
20,60,2558,1.5
11,0,2135,0.6333333333333333
31,70,1872,2.5
33,0,1703,3.5
9,50,2270,1.0
30,50,2304,1.5
28,20,2054,1.5
31,50,2118,1.0
10,20,2139,1.0
40,105,2458,2.5
62,60,2209,11.0
7,45,1887,0.55
13,30,2846,2.0
16,195,2144,2.0
17,100,1717,2.5
17,35,1747,1.5
26,150,1816,3.0
64,195,1698,6.5
12,30,2327,1.5
29,50,2058,2.0
25,50,3364,4.0
59,145,1857,3.0
11,0,2422,1.5
36,70,2100,3.5
26,20,2125,3.0
55,200,2581,6.5
32,40,2251,3.5
135,40,2403,6.0
26,65,2168,1.0
12,200,1890,1.0
45,50,2934,7.0
12,25,2055,1.0
31,50,2241,1.0
16,50,1683,1.0
49,40,1943,6.0
15,50,2063,1.5
14,20,1754,1.5
30,40,2776,3.5
18,195,2469,1.5
20,50,2836,4.5
57,50,3390,7.5
28,20,2579,2.0
31,0,2319,2.5
14,25,1875,2.0
42,195,2217,4.5
38,195,2437,2.5
16,200,1675,1.5
14,20,3098,1.5
11,20,1841,1.5
22,40,1746,2.0
18,40,2300,1.0
19,200,1943,1.0
65,165,1903,18.5
45,150,2210,4.0
24,180,3251,4.5
17,50,2153,1.5
33,35,1732,1.0
83,30,2559,5.0
31,50,1709,6.0
9,20,2294,0.6166666666666667
74,200,1682,8.5
125,200,1696,19.5
8,20,3018,1.0
25,20,2020,1.5
14,75,2131,1.0
16,95,2529,2.0
30,120,2340,3.0
7,20,1845,1.0
39,95,2628,2.0
32,0,2364,3.0
23,20,2811,3.0
41,195,2165,4.0
54,35,2271,4.0
89,150,1914,20.5
6,20,1711,0.7
33,25,1802,1.5
33,30,2620,2.0
18,40,2778,3.0
308,150,2108,29.5
28,85,2291,2.5
9,40,1890,0.6333333333333333
10,200,1808,2.0
52,35,3655,3.5
36,25,1681,3.0
98,175,1958,16.5
6,20,1705,0.5666666666666667
16,20,2654,2.0
18,0,1675,1.5
10,25,1870,1.0
64,35,3427,10.0
26,95,2143,2.0
39,95,2102,3.0
20,140,2270,1.5
28,100,2502,3.0
10,50,2047,1.0
17,25,2640,1.5
34,30,2045,3.5
65,150,1900,4.5
12,20,3166,1.0
30,85,2653,2.5
100,50,2648,6.0
13,0,2128,1.0
66,70,2221,6.5
40,50,2326,3.0
13,0,1730,2.0
30,95,2534,2.5
15,0,2674,2.5
9,25,2034,1.0
9,20,2258,1.0
15,200,1785,0.7333333333333333
21,55,2020,1.0
18,40,2502,2.5
18,50,1809,2.0
19,200,1940,1.5
211,200,2415,19.5
67,195,2285,7.0
49,60,2161,3.0
64,50,2038,4.5
74,25,2432,14.0
36,0,1757,5.0
34,25,2244,4.0
8,20,1674,0.5833333333333334
10,40,1978,0.6166666666666667
15,50,1964,0.6666666666666666
96,150,2222,11.0
115,100,1913,11.5
71,50,2923,1.5
126,50,2648,7.5
35,50,2320,2.0
7,50,2096,1.0
60,40,1989,2.0
19,200,1733,2.0
94,50,2160,13.0
33,20,2167,2.0
21,150,1806,2.0
30,145,2382,1.5
23,0,1772,2.0
43,30,1835,2.5
15,45,2173,2.0
72,200,2082,5.5
12,0,2520,1.0
32,20,2415,1.5
21,200,2075,2.0
18,20,2357,1.5
29,105,2682,2.5
27,45,1703,3.5
87,50,3110,47.0
28,20,2638,2.5
36,20,1943,1.0
77,100,1817,10.0
13,0,1802,0.6166666666666667
24,35,2245,1.5
61,30,2451,3.0
51,30,1821,5.0
16,50,2252,2.5
29,40,1765,2.5
49,50,2142,7.0
16,0,1943,1.5
56,200,2369,4.0
7,20,2382,0.6333333333333333
68,50,2334,5.0
23,20,1787,1.5
6,60,3248,1.0
39,95,2338,4.0
43,20,1753,3.5
16,25,2124,1.5
136,200,2467,9.5
15,20,2602,0.6333333333333333
8,20,1797,0.5833333333333334
7,20,2423,1.0
49,150,2480,4.0
39,40,2276,2.0
20,200,3125,1.0
17,25,2184,2.0
77,25,2032,6.5
5,20,2859,0.6166666666666667
162,85,1892,31.5
54,20,2322,2.5
5,20,2396,0.7
33,95,2332,1.5
23,0,2813,3.5
83,50,2669,10.5
16,50,2621,1.0
24,80,1765,3.0
25,200,1697,2.0
78,30,3527,5.0
11,20,1706,0.6666666666666666
48,20,2829,1.5
402,200,1936,32.5
13,20,3086,1.5
43,95,2125,3.0
74,35,2693,8.0
11,25,2048,1.0
22,0,3472,2.0
28,85,2422,2.0
15,20,2766,0.6166666666666667
24,20,2638,4.0
15,25,2445,1.0
31,40,2241,4.5
28,20,1668,2.5
9,20,2038,8.0
53,70,1871,7.0
17,125,1740,1.0
32,50,2765,2.0
7,20,1821,0.6166666666666667
42,25,1785,3.5
7,20,2917,1.0
5,20,1990,0.6166666666666667
66,200,2009,6.0
20,50,2880,3.5
15,50,1980,1.0
9,55,2268,0.6666666666666666
12,195,2124,1.5
13,20,2328,1.0
57,30,2545,3.5
50,150,2013,4.5
9,30,2821,1.5
23,20,1805,2.0
10,35,2711,1.0
9,50,1674,2.0
7,35,2172,1.5
52,70,2144,3.5
39,150,1906,5.0
15,50,2112,2.0
38,200,3000,2.5
16,45,1985,2.0
12,200,2237,2.5
13,35,1704,0.5166666666666666
43,40,1933,5.5
16,35,1694,1.0
13,45,2636,3.0
27,95,2440,2.5
14,45,2176,2.0
11,40,2354,1.0
37,200,2193,2.0
31,30,2548,0.7
17,20,2352,1.5
173,110,2273,16.0
11,0,2851,0.5666666666666667
28,95,2495,2.5
12,20,1859,0.6333333333333333
26,145,2235,1.5
24,20,2582,1.5
53,20,1717,1.5
119,80,1730,13.0
6,20,3091,1.5
7,30,2100,0.6666666666666666
32,40,1827,4.0
23,50,1724,3.0
19,40,2747,1.5
22,0,2206,2.5
84,95,2672,7.0
34,50,2298,1.5
25,135,1887,2.5
30,0,2671,2.0
13,20,2814,1.0
12,20,2685,1.5
131,80,1745,12.5
6,0,2764,0.6
16,20,2776,1.5
72,20,2764,5.5
27,25,1711,3.5
14,40,2096,1.5
16,20,2167,0.6666666666666666
77,50,2123,13.0
22,20,2262,1.5
11,30,2175,1.5
10,20,2020,1.0
46,20,1819,6.5
34,50,2251,1.5
43,115,2088,4.5
20,50,2706,4.0
115,95,2537,2.5
17,20,2919,1.5
44,100,2378,1.5
14,0,1732,1.0
45,115,2191,4.5
29,75,1964,2.0
24,100,2075,2.5
43,50,2010,2.0
9,0,1788,0.7333333333333333
37,120,1950,3.0
55,20,2906,3.0
28,50,2048,5.0
12,20,2119,1.0
17,200,1883,1.0
30,0,1701,3.5
45,20,2349,5.0
5,50,2123,0.55
54,35,2977,7.5
112,45,2296,3.0
22,50,1973,2.0
34,60,1753,1.5
52,65,2095,4.5
19,20,2933,1.5
13,120,2329,1.5
21,20,2195,3.0
12,45,1948,1.5
27,50,2418,5.5
80,50,2873,4.0
353,200,2675,48.5
77,95,2487,6.0
61,195,2143,4.5
35,95,1831,3.5
20,20,2083,0.6166666666666667
12,30,2576,2.0
13,0,1924,1.0
110,200,2311,7.5
15,75,2475,1.5
61,200,2040,4.5
22,40,2388,2.5
10,35,1744,0.6666666666666666
12,30,2831,0.5666666666666667
141,50,2355,8.0
8,80,2412,1.0
110,195,1936,5.5
14,90,1876,0.7333333333333333
38,80,1899,2.5
40,195,1867,4.5
26,200,2426,2.5
147,50,2887,20.0
30,20,2651,2.0
32,40,2116,4.5
29,50,2247,2.5
26,55,3041,2.0
8,0,1863,0.5666666666666667
16,100,1697,1.5
25,200,2475,2.5
57,50,2536,3.0
10,40,1687,1.0
0,20,2234,0.0
9,50,1674,2.0
20,35,2352,1.0
51,45,1866,2.5
18,20,2322,1.0
16,20,2034,1.0
321,50,1858,3.5
5,20,2297,0.5666666666666667
77,195,2440,7.5
51,200,2598,5.5
49,20,2663,8.5
16,200,2426,2.5
13,40,1863,1.0
20,30,1809,1.0
17,20,2657,1.0
32,50,2774,5.0
37,55,1717,0.7
75,25,3306,3.5
64,35,2027,5.5
98,70,2216,13.0
49,195,2313,4.0
12,80,2042,0.6666666666666666
81,50,3157,5.0
63,40,1806,7.0
19,20,2685,1.5
17,50,2178,3.0
11,55,1747,1.0
56,50,2024,8.0
55,125,2102,2.5
6,20,1963,1.5
29,200,1880,4.5
26,40,2083,1.5
26,20,3040,3.5
12,30,2001,2.0
40,50,1922,5.5
358,50,1876,66.5
34,20,2811,6.0
41,30,3019,2.5
15,0,2722,1.0
28,200,2397,3.5
6,20,2622,1.0
15,60,3260,2.0
301,200,2299,25.5
36,60,2658,2.5
16,95,1927,3.0
82,75,3203,11.5
30,65,2250,4.0
13,30,2075,1.0
21,35,1674,3.0
18,95,2286,1.5
37,40,2270,6.5
48,95,2081,2.0
20,20,2335,0.6166666666666667
24,75,1703,2.0
26,35,1929,1.0
29,50,2181,2.0
16,0,2606,1.5
28,120,2047,2.5
15,40,2451,0.5666666666666667
18,50,2146,2.0
42,30,1828,2.5
36,20,2782,2.0
59,35,2676,2.0
12,200,1747,1.5
131,85,3154,7.5
14,25,2433,1.5
60,50,1851,8.5
9,50,2093,1.5
22,85,2295,1.5
38,50,2524,4.0
21,50,2878,3.5
17,45,1937,1.0
39,20,1951,3.0
17,100,1973,1.5
23,20,2140,2.0
32,200,2426,4.0
19,75,2412,1.5
77,50,1718,8.0
19,0,2206,1.0
14,75,2311,1.5
25,100,2088,2.5
10,50,2638,1.0
23,20,1990,2.0
11,20,2286,2.5
33,200,2208,2.5
72,40,2062,3.0
197,190,2566,21.5
48,50,2349,3.5
34,40,2822,1.5
53,50,1863,7.5
14,35,2627,1.0
49,50,1705,2.5
20,0,1669,1.5
39,50,2269,9.0
17,0,2831,1.0
11,20,2364,2.0
26,200,1696,1.0
24,50,2836,6.0
46,50,2117,8.0
18,20,2299,1.0
38,70,1737,2.0
19,20,2422,0.5166666666666666
24,55,2596,3.0
24,20,2765,5.5
40,85,2255,10.5
6,20,3034,1.5
20,45,2679,2.0
8,50,1864,1.0
103,120,2394,6.5
25,90,1698,2.0
15,45,1710,1.0
21,20,2090,1.0
17,25,2879,1.5
15,20,2586,1.0
47,20,2556,8.0
57,200,3069,8.0
272,150,2385,26.0
45,95,2593,2.0
10,25,2182,1.5
320,200,1914,23.5
24,0,2032,5.5
27,20,3437,1.0
63,60,2202,5.5
72,50,1737,5.5
25,20,2139,1.5
14,20,1835,1.0
21,50,1813,1.5
24,195,2237,1.0
17,0,2907,3.0
27,20,1886,1.5
129,200,1900,15.5
17,0,1951,0.7333333333333333
16,100,2362,1.0
29,40,1828,3.0
91,180,2157,4.5
94,200,2335,8.5
24,20,2150,3.0
62,195,1726,5.0
45,75,1689,6.0
59,100,2267,3.5
9,200,2376,1.5
7,20,2168,0.5666666666666667
39,50,2874,1.0
9,50,1859,2.0
32,20,2271,2.5
29,100,2554,3.5
41,85,2564,2.0
29,65,2280,2.0
18,0,2571,3.0
48,145,2091,8.0
50,85,1683,3.0
12,50,1674,2.0
22,20,1991,1.5
6,20,1683,0.55
30,100,1694,1.5
70,40,2068,14.0
58,125,1740,6.0
19,45,1749,1.0
15,45,2160,1.5
30,35,2036,2.0
54,195,2025,6.0
23,20,1899,1.5
81,150,2103,4.5
26,200,2260,3.5
24,75,3312,4.0
5,20,2439,1.0
56,35,1817,5.5
90,20,2883,10.5
52,100,2261,4.0
8,25,1709,0.6833333333333333
35,80,2010,3.0
56,195,2618,5.5
27,20,1741,1.5
15,50,1707,1.5
40,95,2422,4.5
34,20,2985,1.5
28,20,2275,3.0
29,200,1843,2.0
5,25,2055,0.6166666666666667
53,175,1811,8.5
21,20,2493,1.5
49,25,2131,4.5
16,20,1684,1.5
15,200,2343,0.5166666666666666
42,135,2438,3.5
19,50,2669,2.5
27,40,1740,6.0
123,30,2467,9.0
41,30,2552,12.0
18,40,2081,1.5
13,50,2468,1.5
7,115,1975,1.0
7,85,1814,0.6333333333333333
28,50,2214,3.0
26,195,2319,3.5
64,20,2817,8.0
9,20,2215,1.5
55,20,2504,7.0
8,50,2303,0.5666666666666667
12,95,2745,1.5
43,20,2174,1.0
30,20,2164,2.5
77,195,2502,12.0
62,20,2818,5.5
21,20,2908,2.0
25,70,2210,3.5
12,20,1863,2.0
14,30,1841,1.0
13,0,1801,2.0
115,85,2514,6.5
64,50,2758,3.5
342,200,2279,43.0
28,25,2072,3.0
64,20,2332,7.5
24,20,2549,1.0
12,40,1871,0.6333333333333333
33,170,2263,3.5
18,50,2245,1.5
92,125,2447,12.5
12,20,2222,2.0
8,0,1684,1.0
10,20,2908,1.0
12,40,2116,1.5
779,200,3084,44.5
8,20,2433,1.5
24,160,2688,2.0
7,65,1746,0.5666666666666667
6,40,1949,0.6333333333333333
45,20,2037,2.5
33,200,1675,4.0
55,200,1730,4.5
15,50,2385,2.5
10,60,3257,2.0
38,25,2236,4.5
24,50,1982,2.0
54,0,2284,2.0
5,0,1866,0.6166666666666667
30,20,1934,4.5
12,20,2547,0.7
43,125,1831,3.0
111,200,2529,17.0
69,80,1851,8.0
12,40,2157,0.6833333333333333
40,195,2275,3.5
23,0,2588,1.5
9,20,3033,2.0
33,200,2187,2.5
14,20,2642,1.5
98,195,2342,13.0
28,55,2420,1.5
5,20,2934,1.0
97,90,1869,7.0
55,50,2676,7.0
21,180,1774,2.0
20,20,2115,1.0
98,85,3154,10.5
22,50,2811,2.5
53,20,2274,3.0
140,125,2163,11.0
87,195,1719,8.5
12,20,1718,0.5166666666666666
27,20,2794,1.5
17,200,1762,1.5
12,20,1964,0.6666666666666666
24,95,2355,2.0
89,195,1768,20.5
18,40,1912,2.5
15,20,2920,1.0
78,50,2509,14.0
16,35,2738,1.5
221,200,2431,18.0
77,0,2047,6.5
71,20,3145,3.5
56,75,1851,5.5
20,20,2039,10.5
111,140,2076,9.0
17,30,3405,1.5
24,50,1717,2.0
56,75,2184,3.0
10,30,2583,2.0
27,200,1831,2.0
45,100,1877,4.5
49,110,2686,4.0
7,20,2214,0.6333333333333333
21,0,2548,3.0
43,50,2140,8.0
31,25,2521,3.5
12,50,2314,1.0
10,200,1835,2.0
31,20,2502,2.5
33,200,1781,3.0
7,35,1950,0.7
5,0,2851,0.6666666666666666
10,60,2179,1.0
25,0,2234,2.0
67,100,2114,5.0
24,100,2129,1.5
5,50,2618,0.6333333333333333
21,50,2497,3.0
60,50,2388,3.5
15,150,1799,0.65
12,20,2793,1.0
68,80,2026,6.5
21,45,2170,4.5
20,35,2368,2.0
20,25,2661,1.5
99,150,1798,9.0
40,45,2069,2.0
63,150,1866,8.5
75,60,2782,15.5
12,30,1978,0.6166666666666667
24,195,1851,4.0
10,0,1882,1.5
48,125,1957,4.0
26,20,2380,2.5
5,135,1975,0.5
35,75,3308,7.0
11,20,1974,0.55
176,25,1911,5.0
47,165,1774,5.5
21,100,2111,1.0
143,50,3331,15.5
19,35,2667,1.5
41,95,2069,6.0
22,60,1951,1.5
25,100,2157,2.0
17,50,1732,1.5
46,60,1838,6.5
19,20,2076,1.5
23,85,1978,4.5
50,50,2327,10.0
23,20,1673,1.5
13,20,2033,1.0
29,50,3493,2.5
31,40,2025,3.0
23,50,2821,4.0
12,25,2478,2.0
31,40,2563,4.0
8,30,2003,0.5333333333333333
35,20,1922,2.0
19,115,2222,1.0
5,20,3091,1.0
29,50,1732,2.0
19,30,1857,4.5
20,20,2299,0.55
84,195,2377,7.5
41,100,1690,1.5
7,0,2068,0.5333333333333333
20,0,2202,3.0
12,195,1823,1.5
12,20,2499,0.45
215,85,2769,10.5
18,200,3130,1.0
27,20,2802,0.7333333333333333
19,40,2403,2.0
15,40,1774,1.0
61,195,2489,6.0
15,20,2877,1.5
118,195,2530,18.5
6,50,3157,1.0
8,20,1682,1.0
76,200,2331,5.0
82,30,2065,8.0
7,35,2856,1.5
11,20,2376,0.7
23,20,2599,1.0
44,0,1765,2.0
9,40,2482,1.0
16,20,2475,2.0
11,40,1919,1.5
39,40,2017,2.0
25,95,2310,1.5
11,40,2117,1.5
33,70,2388,4.0
13,75,2072,1.0
21,20,1988,1.5
35,70,2271,1.0
20,95,2048,2.0
49,45,2173,6.0
225,50,1935,78.5
6,20,2685,0.5666666666666667
20,50,2318,2.0
102,50,2480,7.5
14,20,2431,0.6833333333333333
271,200,2396,22.5
27,20,2295,1.0
19,40,2362,2.0
41,100,2097,3.0
5,20,3091,1.0
10,25,1731,1.0
6,20,2264,0.6
19,95,2556,2.0
20,25,2248,1.5
20,75,2452,1.5
19,55,3528,2.0
117,195,2001,14.0
13,40,2856,2.5
85,65,3355,62.0
9,20,2293,0.5333333333333333
103,105,2059,12.0
67,50,3622,7.0
89,20,2368,4.0
11,40,1816,1.0
57,50,2885,3.5
33,200,1921,6.0
30,20,2095,3.0
42,100,1733,2.0
28,100,2145,2.0
114,150,1809,13.0
35,40,1796,1.5
136,145,1684,8.0
29,150,2164,2.0
21,20,3255,3.0
17,50,2821,3.0
7,20,1736,0.5666666666666667
122,30,2191,12.0
6,0,2202,0.6833333333333333
27,40,2263,3.5
35,200,2427,1.5
26,20,2814,3.5
28,0,2598,3.5
15,40,1729,2.5
16,55,2710,1.0
14,50,1857,2.5
15,120,2360,1.0
13,20,2986,4.0
113,50,3016,24.0
10,50,2397,1.0
74,50,2552,1.5
84,35,2922,8.0
25,195,1717,2.0
61,200,2013,4.5
67,145,2535,8.5
43,100,2188,3.0
20,70,1680,3.5
53,20,1998,7.0
116,50,2355,16.0
43,200,1806,2.0
25,50,2325,1.5
7,50,2013,1.5
34,30,2962,3.0
59,35,1704,5.0
110,195,1815,13.0
28,20,2292,1.0
35,50,2860,5.0
39,40,2576,2.0
14,0,1737,2.0
11,100,1703,1.0
20,100,2438,1.0
29,40,2116,3.0
25,50,2087,6.0
77,150,2338,4.5
23,20,2440,0.5
32,20,1709,3.5
44,100,2138,5.0
25,50,2107,6.0
28,40,2116,2.0
7,120,1970,1.0
14,45,2669,0.65
51,50,3111,24.0
22,95,2339,1.5
240,95,2353,23.0
32,50,2382,1.0
34,25,2388,1.0
130,50,2867,7.0
26,50,3092,1.5
23,150,2768,2.5
68,35,2689,1.5
19,40,1989,1.5
33,75,2992,20.0
21,20,2383,2.0
59,95,1974,2.0
46,20,2563,2.0
17,0,2865,2.0
25,40,2209,2.5
123,35,2589,7.0
9,0,2860,2.0
63,50,1996,7.5
23,20,3158,1.5
11,50,3098,5.0
44,75,3175,5.5
77,195,1874,11.5
16,20,2599,1.5
11,40,1808,1.0
31,195,2185,1.5
57,50,1962,4.0
18,0,2318,1.0
60,20,2187,4.0
17,195,2122,3.0
20,0,1989,1.5
7,20,2845,1.0
281,200,2255,22.5
286,180,2469,29.5
41,75,1752,1.0
75,200,1773,12.0
17,20,1695,3.5
29,150,2349,0.6833333333333333
22,145,2088,1.5
26,40,1831,2.0
36,95,1704,3.0
45,60,2705,3.0
55,50,2152,6.0
11,0,2094,0.6666666666666666
25,150,2828,3.0
12,185,1802,1.0
37,30,2074,3.0
38,20,2097,2.0
18,20,2384,1.0
17,85,2082,2.0
83,200,1984,3.0
25,50,2298,2.5
49,20,2447,3.5
26,25,3176,3.0
20,75,2254,1.5
20,60,2641,1.5
133,200,1901,19.5
11,200,2876,1.5
46,20,2229,4.0
26,55,2474,3.5
7,40,1893,0.5166666666666666
16,20,1729,1.5
20,0,1719,1.0
144,200,2848,8.5
28,200,2256,3.0
17,20,2616,0.5333333333333333
10,55,2300,1.0
21,20,2853,2.5
11,30,2709,0.6333333333333333
21,20,1722,1.5
56,30,1810,5.0
30,50,2811,3.0
77,40,2409,14.5
41,20,2128,4.0
10,75,2222,1.0
39,20,2264,2.5
16,150,2585,5.0
77,50,2480,5.0
57,45,2549,6.0
17,20,2736,1.5
24,20,2181,2.5
46,20,2533,2.0
45,180,3259,11.0
28,0,2152,2.0
35,150,1859,3.0
22,20,2280,1.5
36,95,2417,5.0
39,200,2271,3.0
14,35,2102,1.0
21,20,1737,2.0
27,0,3155,3.5
58,0,2378,3.0
491,200,2179,57.0
41,55,2710,3.0
61,45,2432,4.0
29,0,2769,4.0
39,200,2521,6.5
8,20,2973,0.6166666666666667
15,50,2572,2.5
22,40,1710,1.5
13,20,2555,1.5
22,0,2507,1.0
18,200,1784,3.5
34,35,3111,2.0
10,30,2040,1.5
11,30,2486,1.0
33,60,1872,6.0
49,20,2856,3.5
109,50,1884,13.0
87,30,1714,9.0
62,145,2541,6.0
25,0,1929,1.5
25,175,2483,2.0
20,25,2597,1.5
8,20,2471,1.0
8,0,2823,1.0
47,60,2561,4.0
52,200,1668,2.5
16,35,2257,1.5
45,50,3346,5.0
20,120,2275,1.0
142,160,1725,8.0
33,200,1852,4.0
9,20,2688,0.6666666666666666
28,0,1995,2.5
13,20,2269,1.5
39,50,2054,2.5
42,200,2665,5.5
23,0,2709,1.0
16,25,1915,2.0
6,50,1930,0.6666666666666666
72,20,2198,4.0
10,20,2502,1.0
48,40,2892,6.5
44,75,2255,3.5
82,50,2865,4.0
108,50,2648,7.0
14,20,2378,1.0
9,50,1675,1.5
23,0,2496,0.6166666666666667
34,115,1936,4.0
27,25,1990,0.6333333333333333
12,20,2264,0.5666666666666667
73,50,2584,5.5
38,30,1697,6.5
29,20,2531,1.5
48,30,2284,2.5
36,120,1843,4.5
15,20,2446,1.5
22,100,2469,2.5
78,125,1841,9.0
12,50,2098,1.0
40,105,1928,3.5
31,30,1691,1.5
41,130,2198,5.0
108,95,2554,9.5
24,40,2555,4.5
12,100,1745,1.0
30,20,2047,2.0
18,40,1888,2.5
27,50,2422,2.0
9,20,2319,0.7166666666666667
29,0,2523,4.0
47,75,1738,1.5
52,65,2020,3.5
13,20,2322,2.0
101,75,2210,4.5
44,30,1978,3.0
79,195,1766,11.5
34,50,1782,2.0
54,50,2543,6.0
9,20,2845,0.6166666666666667
39,60,2259,3.0
28,20,2150,4.0
26,200,1941,3.5
33,115,2545,2.0
13,115,1694,1.0
47,20,2264,2.5
15,60,2199,20.0
19,200,2546,2.0
25,20,3322,2.0
51,25,2186,4.5
12,50,2262,0.6833333333333333
54,20,2717,10.5
7,20,3161,5.5
28,20,2196,3.5
22,200,1816,1.0
9,0,1716,1.0
23,45,2002,3.5
17,45,1699,1.0
17,20,2102,1.0
58,20,2295,5.5
43,195,1910,3.0
14,20,2920,1.5
9,20,2858,1.5
26,20,2173,1.5
22,60,1729,3.5
13,20,2381,1.0
12,30,3171,1.0
23,25,1701,0.6
8,50,2317,1.0
90,200,2307,6.5
12,20,1905,1.5
16,35,2882,2.0
54,120,1801,3.0
49,50,1827,5.5
13,125,1886,1.0
34,30,2507,3.0
14,40,2052,1.5
291,200,1930,31.0
44,95,2613,2.5
24,20,1675,1.0
9,40,2116,1.5
47,190,2914,12.5
20,95,3111,1.5
11,0,2082,0.5333333333333333
77,50,2584,4.5
23,95,1930,1.5
183,20,2425,2.0
11,40,2216,1.0
329,190,2178,22.0
384,200,2272,76.5
85,200,2489,8.0
4,20,1936,0.3166666666666666
7,20,2845,0.5666666666666667
29,50,1732,4.0
122,100,2537,19.0
191,200,1799,31.5
21,65,1787,0.7333333333333333
21,0,2731,2.0
58,100,1897,3.5
54,195,2346,3.5
134,20,2675,11.5
28,50,2053,3.0
15,45,2552,0.6
29,20,2715,4.5
195,145,1736,12.5
17,0,2136,1.5
32,50,2242,4.5
37,200,1695,2.5
24,100,1978,1.5
15,20,2642,0.6666666666666666
27,20,2143,2.0
21,100,3002,1.5
66,200,1787,3.5
17,20,2516,0.7
23,65,1732,3.0
11,35,1704,1.0
8,65,1898,1.0
107,180,2610,14.5
8,45,1967,0.55
12,20,2060,0.5666666666666667
38,155,2900,4.5
28,50,2286,2.5
15,20,2585,1.0
19,20,2743,2.5
71,45,1792,11.0
13,200,2130,2.0
38,25,2825,2.5
20,75,2823,1.0
10,55,2310,1.0
22,120,2207,1.5
10,95,2001,1.0
61,195,1810,12.5
28,0,2160,1.5
41,95,2222,3.0
15,200,1746,1.0
53,50,3565,4.0
70,50,1912,1.5
31,95,3266,2.0
20,40,2638,2.5
19,35,2531,1.0
5,20,2528,0.7166666666666667
91,50,2370,13.0
19,195,1857,2.5
127,35,1836,31.5
19,25,2150,1.5
28,20,2487,3.5
61,200,1979,15.0
75,100,3137,5.0
23,50,1753,3.0
33,30,2291,1.5
15,135,2654,1.5
22,20,2158,2.0
29,100,1788,1.0
174,195,2199,10.0
9,20,2464,0.5333333333333333
12,0,2702,1.5
5,50,2576,1.0
23,25,2196,2.5
21,80,2317,2.0
39,30,2304,4.0
37,200,1997,2.0
28,20,2554,2.0
24,30,2359,3.5
70,20,2688,8.0
21,30,2599,3.5
44,75,2415,3.0
74,45,3032,13.0
31,60,2287,3.0
30,0,2852,3.0
25,20,1894,1.0
25,150,2150,1.5
30,200,1692,3.0
15,0,2389,1.0
15,20,2325,1.0
96,100,2531,17.0
37,30,1787,4.0
24,200,1822,1.0
28,50,2128,6.5
23,40,2355,2.5
46,50,2529,3.5
10,30,1759,1.0
13,20,2402,2.0
43,25,2230,2.0
84,75,1827,5.5
28,200,2388,4.0
45,25,2186,4.0
15,30,2562,2.5
14,20,3257,1.0
77,50,2888,5.0
14,35,2889,2.0
26,0,1725,4.5
48,30,1834,6.5
37,65,2288,4.0
11,50,1740,1.0
16,50,2880,2.5
25,30,2748,4.0
59,20,2350,2.0
29,50,2123,3.5
12,20,2769,0.7
65,95,3026,68.5
11,40,2059,1.0
29,30,2594,5.0
6,135,1974,0.5
18,35,1733,1.0
36,0,1705,2.5
14,40,1895,1.5
62,120,1985,7.5
10,25,1870,1.0
41,25,2210,4.0
16,95,1957,2.0
10,20,2907,1.0
11,20,3082,4.0
80,50,2796,11.0
19,50,1878,2.5
71,120,2196,12.0
105,95,1884,18.5
42,200,1969,2.0
138,195,2621,7.5
12,0,2182,0.5166666666666666
27,25,2616,2.5
49,20,2038,2.5
69,145,2060,12.5
46,200,1788,2.5
66,200,1814,6.0
31,200,2012,2.0
102,120,2522,14.5
14,20,2208,1.0
24,50,2880,4.5
8,200,1764,1.0
18,20,1723,1.5
27,195,1775,6.5
30,20,2504,2.0
19,195,2328,1.5
21,150,2740,3.0
43,75,2149,0.5
33,20,2179,5.0
9,20,2037,1.0
38,40,2116,3.0
51,175,1984,4.0
34,45,2176,5.0
57,100,2464,5.5
85,200,2355,6.5
84,150,2420,5.0
54,50,2377,10.0
15,45,1707,2.5
42,95,2137,3.0
28,75,1957,2.0
22,95,2072,2.5
27,150,1800,1.5
17,95,1806,1.5
28,60,2656,6.5
31,125,2524,3.5
19,30,2012,2.0
88,60,2744,23.0
32,200,1943,4.5
174,200,1804,20.5
7,20,2095,0.6833333333333333
8,60,1669,1.0
12,30,2272,0.5
86,20,2341,4.0
50,60,2661,9.0
17,50,2813,1.5
224,200,2144,44.5
18,0,1681,1.0
14,20,2494,1.0
56,40,1901,4.0
14,20,1964,1.0
54,60,2684,10.0
36,50,2702,1.0
37,155,2270,2.0
17,20,2005,1.5
19,25,1715,2.0
23,145,2270,2.5
12,90,1815,1.0
16,0,3218,1.5
36,40,2276,6.5
5,50,2433,1.0
21,0,3047,1.0
25,20,2791,7.5
17,35,2524,1.0
135,190,1893,9.5
31,200,1801,1.5
18,200,1787,2.0
32,95,1908,3.5
11,20,2390,1.0
17,20,2929,2.0
10,40,1989,1.0
88,0,2142,6.5
44,160,2001,3.5
9,35,1759,0.7
7,45,1837,0.6333333333333333
9,30,2208,1.0
24,200,1955,4.0
41,95,2163,3.0
78,95,2082,11.5
38,95,2103,2.5
54,50,1750,1.5
15,0,2347,0.6166666666666667
15,200,2377,1.5
196,40,1838,5.5
10,55,1732,1.0
52,195,2604,5.5
133,50,2597,15.5
41,30,1814,5.0
27,50,2825,3.0
79,150,2026,7.5
60,50,2370,2.5
27,180,2103,2.5
11,195,2100,1.5
40,120,2187,3.5
69,20,2198,3.0
7,0,2480,0.7
126,110,2026,7.5
8,40,1989,1.0
23,90,1764,2.0
330,65,1951,32.5
17,30,2769,14.5
108,20,2927,3.5
30,50,2417,1.0
16,40,1733,1.5
25,150,2357,1.5
13,200,1921,0.6833333333333333
462,150,2065,62.0
26,40,2183,3.5
18,20,1786,1.0
65,70,2185,3.0
43,20,2714,6.0
36,20,3383,2.0
14,200,1843,1.5
34,20,2522,4.0
115,110,1909,12.5
9,20,2356,0.5833333333333334
26,195,1783,3.5
107,20,1676,10.5
24,125,1822,2.5
17,200,1928,1.0
11,40,2116,1.5
12,20,2427,1.5
36,25,2628,7.5
10,20,2029,1.0
37,35,2690,3.0
113,80,2171,5.5
51,125,2482,4.5
118,200,2139,24.5
21,50,2121,2.5
6,20,2397,1.0
22,50,1705,1.0
87,30,2066,11.5
32,100,2384,3.5
15,20,2410,0.5333333333333333
27,20,2325,4.5
22,200,1682,1.0
10,50,1675,1.5
22,165,1903,2.5
35,25,2563,2.5
15,20,1989,1.0
15,40,2353,3.0
59,95,1848,2.0
35,20,2010,1.5
12,20,2338,1.0
53,135,1675,12.5
130,35,1816,31.5
23,200,1676,1.5
22,150,2451,2.5
44,25,2367,3.0
90,100,2431,10.5
53,75,2235,11.5
17,20,2426,1.0
80,150,1753,7.5
13,25,1772,1.0
51,50,2101,3.0
316,180,2485,24.5
16,20,1827,3.0
11,0,2122,0.6666666666666666
57,150,2175,15.0
18,20,2394,2.0
86,95,1730,5.5
125,50,3511,12.5
27,100,1787,3.0
7,25,2838,2.0
13,0,2322,0.5333333333333333
10,20,3117,1.0
48,145,2005,4.5
84,195,1733,8.0
36,50,2258,3.0
29,20,1696,2.0
71,50,2814,3.5
28,25,2782,4.0
61,95,2188,14.5
10,0,2127,2.0
19,35,2319,2.5
19,45,2522,2.5
13,70,2195,1.0
23,30,2782,2.0
25,20,1738,3.0
27,120,2159,2.0
22,20,2193,2.5
126,195,1892,13.5
33,20,2722,0.6166666666666667
8,20,2856,1.0
8,25,2142,0.6333333333333333
150,200,1842,11.5
14,60,3267,3.0
40,50,2198,4.5
35,30,2247,1.5
47,20,2039,4.5
37,50,2598,5.5
38,70,2513,3.5
24,105,3033,7.5
29,30,1736,2.0
78,50,1957,7.0
19,20,1759,3.5
5,20,3091,1.0
15,40,2116,2.5
50,40,3057,8.5
56,50,1893,8.0
30,200,2628,1.5
5,25,1733,0.1333333333333333
15,50,2752,1.5
15,50,2269,0.6
74,25,2437,8.5
13,25,1789,1.0
28,70,2271,1.0
11,0,2195,1.0
8,0,2803,1.5
11,50,2314,0.6
21,0,1681,2.0
58,100,2418,10.5
73,20,1683,7.5
12,20,1773,2.0
17,20,2485,2.5
14,30,2493,4.0
82,200,1874,9.0
204,200,2076,16.5
36,40,2362,1.0
12,40,1967,1.0
35,95,1682,5.0
70,20,2212,8.5
58,20,3075,5.5
24,90,2289,4.0
14,40,2634,1.0
41,95,2272,3.5
46,25,3406,7.0
26,200,1872,2.0
116,50,1807,10.5
20,50,1737,4.5
36,95,1933,5.5
17,40,1934,1.5
101,50,2088,9.5
44,55,2656,3.5
82,20,3794,4.0
64,200,1904,11.0
19,20,2048,4.0
55,20,2685,7.5
51,150,2375,6.5
45,30,2067,4.0
16,35,2874,2.0
43,95,2940,7.0
41,95,2151,2.5
95,50,2335,5.0
241,180,2757,17.5
9,50,1674,1.5
53,200,1732,2.0
11,95,2397,1.0
310,145,3166,34.0
37,180,1929,4.5
38,20,2705,2.0
25,0,2303,5.0
44,95,1731,8.5
21,50,2880,3.0
27,60,1805,2.0
13,20,2366,2.0
20,50,2880,3.5
197,120,3723,27.5
37,20,2049,1.5
22,65,1964,1.5
14,20,2576,1.0
12,95,3155,0.5833333333333334
5,20,3091,1.0
68,195,2446,10.0
97,20,2098,7.0
20,200,3066,1.5
16,45,2025,1.5
10,100,1761,0.7166666666666667
25,45,2626,2.5
31,20,1741,7.5
14,50,3027,0.6833333333333333
74,60,2188,2.0
14,20,2387,1.0
316,195,2081,51.0
52,200,1793,3.0
29,20,2715,3.5
22,0,2695,2.5
38,40,2397,5.0
144,195,2320,20.0
9,100,1668,1.0
12,0,2272,1.0
18,195,1940,2.5
25,20,1976,3.0
17,25,1736,1.5
13,35,3104,1.0
15,200,2237,1.0
14,0,2256,1.0
120,40,2003,19.0
40,85,2601,3.5
19,30,1817,2.0
7,60,1710,0.5833333333333334
35,20,2561,4.0
46,200,2272,9.5
20,35,2280,3.0
53,85,3193,5.0
14,90,1870,1.0
23,20,1731,2.0
65,60,1774,5.0
13,20,1962,1.0
19,50,2881,0.6833333333333333
27,75,2382,3.0
34,200,2605,4.5
30,20,2923,3.5
7,95,3074,0.5166666666666666
50,50,2326,4.0
26,20,2020,3.5
21,20,2066,2.0
24,200,2165,3.0
11,0,1831,0.6
20,115,2070,1.5
59,195,2195,7.5
28,20,1964,1.0
48,20,1697,4.5
36,120,2475,4.0
138,200,1764,25.5
121,100,1751,11.0
43,120,3077,4.0
22,50,2821,2.5
27,0,2031,1.0
22,0,1750,1.5
16,20,2212,1.5
125,100,2345,10.5
48,0,1732,4.5
88,75,2507,9.0
17,40,2704,2.5
9,30,1956,1.0
69,20,2149,4.0
81,30,2390,7.0
18,30,1744,1.5
6,50,2360,1.0
32,20,2306,3.0
17,40,2177,0.7166666666666667
11,60,3244,1.5
59,20,2919,12.0
27,20,2250,1.0
10,20,2240,0.7
65,150,1949,5.0
23,20,2556,1.0
20,40,1994,1.5
22,20,3108,1.5
9,100,1925,0.6166666666666667
39,95,1830,4.5
40,200,1705,8.5
25,95,2628,4.5
28,20,2094,2.5
106,185,1920,9.5
33,50,1726,3.5
65,75,2487,4.5
13,145,1687,1.0
23,90,2311,1.5
79,150,1829,9.0
22,20,2217,2.0
24,90,1760,1.5
16,0,1827,1.5
13,180,1844,0.5333333333333333
10,50,3157,1.0
13,20,2698,1.0
8,20,1845,1.0
47,200,1944,4.0
10,20,1788,0.65
544,200,2388,46.5
21,20,2033,1.0
12,50,2165,1.0
9,0,2209,1.0
26,35,2789,2.0
177,200,2279,16.5
25,20,2374,6.0
16,50,2398,1.0
49,120,3026,7.0
36,40,2381,2.0
97,50,2584,7.0
60,75,2369,5.5
6,0,1837,0.5
93,120,2059,9.0
66,195,1886,3.0
39,30,2271,6.5
23,0,2862,4.5
15,0,2956,1.5
24,30,2152,5.5
13,20,2300,2.0
46,40,2048,4.5
14,20,1684,1.0
61,95,2305,6.0
26,50,1861,2.0
70,30,1871,9.0
39,195,1739,2.5
106,50,2479,8.0
18,200,2797,2.0
13,40,2172,1.0
47,20,2171,3.5
41,50,2397,3.0
29,50,2396,2.0
53,50,2258,7.0
8,45,1804,0.5666666666666667
29,40,2269,1.5
12,20,2376,1.5
37,195,1727,4.0
7,20,2275,0.6666666666666666
11,25,2632,1.0
12,20,1779,0.7166666666666667
9,20,1863,0.6
62,80,2045,9.0
25,65,1787,1.0
6,20,1730,0.6
37,50,2058,2.5
10,0,2909,2.0
10,20,2969,1.0
36,100,2175,3.0
7,20,2635,1.0
37,150,1843,3.0
40,50,3200,3.0
25,45,3184,2.0
83,20,2087,3.5
36,40,2168,2.0
16,150,2290,1.5
18,0,1674,1.0
19,30,2394,0.55
49,100,2159,3.5
10,20,2293,0.6
18,0,1990,1.5
21,145,1929,3.0
29,0,2563,1.0
23,20,2249,1.5
12,120,1880,0.6
32,80,1805,3.0
32,35,2426,2.0
29,40,1913,1.5
24,0,2972,4.5
34,200,1999,2.5
6,25,2018,0.5833333333333334
131,200,2833,15.5
7,0,1993,0.5
15,20,2256,1.0
17,20,2633,2.5
52,145,2571,3.5
93,50,3350,9.5
25,50,2054,5.5
8,20,1966,1.5
74,60,2531,13.5
24,195,2283,1.5
49,35,1990,5.0
9,30,2971,3.0
18,45,1726,3.5
46,45,1803,3.5
31,100,2469,3.0
5,0,2174,1.0
35,140,1943,2.0
90,20,2810,9.0
30,35,1800,2.0
24,40,2166,1.5
62,60,2156,5.0
10,40,2524,2.0
11,40,2483,1.5
284,50,2094,31.5
107,120,1767,6.0
15,20,2535,1.5
42,0,1961,2.5
11,35,2175,1.5
166,20,2443,10.5
12,20,2030,1.0
9,20,2500,1.5
21,20,2899,2.0
97,150,1870,11.0
29,195,1782,2.5
34,40,2469,4.0
12,20,1780,1.0
35,95,2123,2.5
16,200,2429,0.5666666666666667
21,35,2507,2.5
11,150,1963,3.0
21,30,2031,2.5
11,25,2167,2.0
16,45,1758,1.5
274,75,1786,39.0
12,20,2725,0.5333333333333333
34,95,2511,3.0
29,30,2776,1.5
21,75,1963,2.5
14,50,1838,0.5
67,195,1939,10.0
35,105,2352,5.0
20,75,2275,2.5
63,25,2132,6.0
185,30,1820,6.5
52,100,2541,2.0
21,200,2270,2.5
36,0,1795,2.5
45,100,1873,7.0
35,20,2587,4.0
69,50,1901,1.5
10,20,2535,2.0
6,20,2885,1.5
20,200,2375,2.5
29,60,2581,1.5
27,75,2433,2.5
20,200,1940,1.0
26,20,1970,3.5
59,20,2749,7.0
22,50,1733,4.5
14,0,1725,3.0
8,40,1760,0.7
69,20,2730,3.0
17,20,2687,1.0
26,20,1884,2.5
17,20,3582,2.0
5,20,2156,0.5166666666666666
19,30,2922,3.0
18,0,1792,0.5666666666666667
22,60,2188,2.0
8,20,1851,2.0
8,65,2202,1.0
44,45,2656,5.0
119,50,2640,8.5
85,115,1858,10.5
11,20,1732,0.6
61,165,2548,8.0
13,0,2025,0.5166666666666666
7,35,1949,0.7
30,20,2160,5.0
20,30,1753,3.0
23,25,1764,2.0
23,200,1718,2.5
12,25,1972,1.0
47,95,2839,4.5
14,25,1733,2.0
36,95,2508,3.5
71,20,2192,6.0
30,195,2222,4.0
15,45,2177,2.5
13,90,1836,1.5
60,0,2313,4.5
41,20,3082,3.0
15,0,1955,1.5
207,60,1891,33.0
15,30,2558,1.5
27,50,3250,5.0
26,0,2125,3.5
10,20,2312,1.0
97,20,1820,9.0
28,50,1736,3.0
9,20,2598,0.5166666666666666
28,100,1977,2.5
32,20,2478,6.0
8,0,2357,0.6666666666666666
11,0,1772,0.55
12,45,2772,2.0
46,50,2278,3.5
123,20,2346,16.0
7,25,2506,1.0
37,50,2025,7.0
11,200,1719,1.0
28,75,3094,3.0
26,50,2648,2.5
13,0,1912,1.5
9,0,2773,2.0
29,200,1815,2.5
27,75,2283,2.5
444,150,2156,45.0
16,200,1835,1.0
46,195,2222,4.0
34,125,2024,3.5
45,0,2750,6.5
25,20,2399,1.0
29,70,1996,4.0
38,50,2138,8.5
15,20,3038,2.0
20,20,1821,1.0
29,25,2041,2.5
36,195,2298,4.5
20,20,2394,1.0
74,100,2054,4.0
6,20,2934,1.5
24,170,2349,1.5
55,20,2366,6.0
19,0,2403,1.0
14,0,2437,0.6166666666666667
108,150,1907,7.5
13,0,2790,1.0
22,50,2649,3.0
9,50,1674,2.0
10,0,1736,0.6833333333333333
7,60,3254,1.0
42,20,3128,2.0
17,20,2027,1.0
13,30,2136,2.0
38,20,1884,4.0
12,20,2069,1.0
83,20,2138,7.5
138,100,1852,10.0
11,20,2881,1.0
14,25,2489,1.5
48,20,2327,9.0
14,20,2258,1.0
45,195,1914,6.5
37,40,1999,5.0
21,200,1917,1.5
45,40,2058,2.0
74,90,1817,7.5
32,115,1731,3.0
36,50,1857,2.5
29,95,2254,1.5
13,0,3397,0.7333333333333333
43,80,1717,3.0
40,185,2727,6.5
10,0,3042,1.0
8,25,1918,0.65
8,20,2328,0.6
24,0,3205,8.0
8,60,1670,1.0
45,95,2367,4.5
15,200,2222,2.5
72,20,2485,2.0
23,145,2420,6.0
20,200,1928,2.0
33,0,1708,2.0
21,20,2822,1.0
15,40,2559,1.0
17,20,3166,2.5
48,40,2268,5.5
35,45,2487,2.5
215,200,3350,7.0
7,20,1667,2.5
29,0,1680,1.0
10,20,3502,1.5
40,50,2075,7.5
12,30,2443,1.5
32,50,1877,3.0
42,20,2523,1.5
66,200,2415,5.0
41,125,2128,4.0
126,200,1995,18.5
26,40,1981,2.0
17,195,2193,1.0
62,20,2018,12.0
18,200,2192,1.5
454,200,2929,60.0
16,40,2061,1.5
34,25,1852,2.5
26,195,2268,3.5
18,50,2053,1.5
25,100,2131,2.5
29,50,1891,1.5
12,20,2130,1.0
26,50,2811,3.0
28,200,1692,1.5
22,85,3024,6.0
89,150,1835,8.5
8,30,1976,0.5666666666666667
22,20,2782,2.0
30,95,1933,2.0
45,0,2563,7.5
21,20,1686,1.0
35,50,2210,7.0
39,125,1760,2.5
99,150,2090,6.5
13,20,2010,0.6166666666666667
29,200,1783,2.5
42,100,2269,3.0
59,95,2418,2.0
37,20,2109,3.5
11,60,1955,1.5
17,20,2319,1.5
23,200,3376,4.0
39,95,2390,2.5
30,65,2017,3.0
29,30,1765,3.5
33,70,2279,1.0
22,30,2308,2.0
23,25,2062,2.0
160,190,1768,10.5
30,195,2431,4.0
14,50,2471,2.0
82,60,2039,12.5
14,40,1766,1.0
74,195,2167,7.0
18,20,1963,1.0
16,20,2049,1.5
74,50,1858,7.5
8,20,2587,1.5
44,50,2926,3.0
27,20,2395,5.0
17,200,2146,1.0
23,0,2047,1.5
21,50,2041,1.5
83,195,1838,20.0
10,20,2685,1.0
18,20,2429,1.5
45,25,2321,5.0
26,75,2411,1.5
7,0,1716,1.0
16,20,3021,2.0
39,200,2097,4.0
41,0,2200,8.5
15,20,1733,3.5
34,35,2315,1.5
38,55,1730,1.0
9,50,2577,2.0
42,75,2582,3.5
40,20,3400,1.5
16,25,3539,3.5
30,25,1921,4.0
9,20,3291,1.5
49,20,2198,2.5
9,0,3139,2.0
22,0,2291,1.0
23,20,1733,4.5
18,35,1674,1.0
66,45,2382,3.5
37,35,3515,2.5
35,45,2445,4.0
37,50,2821,2.5
24,30,1695,4.5
332,180,2459,29.0
14,20,1787,1.0
19,55,2330,1.0
35,40,2286,4.0
207,35,2725,20.5
69,115,2335,7.0
47,85,1716,5.0
26,0,1985,1.5
25,40,3586,10.0
26,50,2398,3.0
25,0,2425,2.0
74,20,1842,3.0
